MarketID,s_k,p_k,s_0,steel,labor,product
1,0.034999562158914733,36.09536301164955,0.897339006656602,7.6,20.24,a
1,0.06766143118448326,34.79536292712008,0.897339006656602,7.6,20.24,b
2,0.0430018851835106,31.25,0.8671552668777733,8.83,21.91,a
2,0.08984284793871616,33.24,0.8671552668777733,8.83,21.91,b
3,0.01835320566905547,41.10120141219276,0.891105749076006,7.13,22.75,a
3,0.09054104525493847,36.19120135180876,0.891105749076006,7.13,22.75,b
4,0.0470708805656779,34.844325152843226,0.8547857594735827,7.43,21.11,a
4,0.09814335996073945,34.784325136649805,0.8547857594735827,7.43,21.11,b
5,0.048662149029210136,32.52,0.8649656016027365,9.09,21.05,a
5,0.08637224936805327,34.52,0.8649656016027365,9.09,21.05,b
6,0.037544362555299055,36.46076539043035,0.8836496234143858,7.91,22.07,a
6,0.07880601403031515,35.29076535961168,0.8836496234143858,7.91,22.07,b
7,0.04691468302491326,34.89,0.8707477503105446,8.3,22.77,a
7,0.08233756666454208,34.32,0.8707477503105446,8.3,22.77,b
8,0.06811800118935032,32.47,0.8606351655137308,8.3,21.24,a
8,0.07124683329691889,34.9,0.8606351655137308,8.3,21.24,b
9,0.06106183351425189,32.24,0.8648108520576848,9.27,22.38,a
9,0.0741273144280633,36.73,0.8648108520576848,9.27,22.38,b
10,0.038823463091549146,34.6001332261832,0.8752032516215562,7.84,22.42,a
10,0.08597328528689469,36.02013321002113,0.8752032516215562,7.84,22.42,b
11,0.054409782724153866,30.82363358611507,0.8629808979253527,6.19,22.75,a
11,0.0826093193504934,36.42363356483006,0.8629808979253527,6.19,22.75,b
12,0.06778372664921781,32.05228754806723,0.8837053548076821,7.75,23.25,a
12,0.048510918543100065,37.132287551691356,0.8837053548076821,7.75,23.25,b
13,0.05824908162515381,33.93,0.8835209833100771,9.1,22.82,a
13,0.058229935064769055,38.45,0.8835209833100771,9.1,22.82,b
14,0.05167441819381984,35.38,0.8693012791529695,8.59,23.64,a
14,0.07902430265321067,34.62,0.8693012791529695,8.59,23.64,b
15,0.08402636067568897,30.94,0.8407807836721539,7.46,21.35,a
15,0.07519285565215711,33.68,0.8407807836721539,7.46,21.35,b
16,0.03989252030822747,33.48,0.8764591159497633,7.3,23.07,a
16,0.08364836374200921,32.77,0.8764591159497633,7.3,23.07,b
17,0.04660989702624791,34.22764690285991,0.8751035323521468,9.23,22.63,a
17,0.07828657062160528,34.26764690135798,0.8751035323521468,9.23,22.63,b
18,0.03887025819254135,37.20938002632105,0.8705988774161701,8.2,21.26,a
18,0.09053086439128859,35.90938000538524,0.8705988774161701,8.2,21.26,b
19,0.026225350865860243,38.08903363537277,0.873778705972848,7.38,21.77,a
19,0.09999594316129178,35.90903359801597,0.873778705972848,7.38,21.77,b
20,0.03684435318297316,37.036177569692065,0.883241368802493,8.68,23.26,a
20,0.0799142780145338,35.446177569238216,0.883241368802493,8.68,23.26,b
21,0.045058895838942715,36.28,0.8744497950103609,8.18,23.85,a
21,0.08049130915069637,35.98,0.8744497950103609,8.18,23.85,b
22,0.03985147540085032,35.36,0.8780214248842888,8.64,21.55,a
22,0.08212709971486087,35.46,0.8780214248842888,8.64,21.55,b
23,0.05362728312336974,33.16,0.854211947583896,8.32,22.4,a
23,0.09216076929273427,35.27,0.854211947583896,8.32,22.4,b
24,0.02953197236597817,37.59478612345961,0.8880735061945519,8.86,22.71,a
24,0.08239452143946992,35.12478612096407,0.8880735061945519,8.86,22.71,b
25,0.0502004856028719,35.66,0.8641448122685955,9.32,22.74,a
25,0.08565470212853252,34.66,0.8641448122685955,9.32,22.74,b
26,0.0505848486998669,35.42735609842944,0.8680856456906936,8.08,22.36,a
26,0.0813295056094395,34.827356070119144,0.8680856456906936,8.08,22.36,b
27,0.036335324980813065,36.03600765420843,0.8823058505626084,7.92,22.32,a
27,0.0813588244565786,35.64600765029939,0.8823058505626084,7.92,22.32,b
28,0.07408044935407217,30.265268929169014,0.8456565634582859,7.03,21.73,a
28,0.08026298718764188,32.925268913594856,0.8456565634582859,7.03,21.73,b
29,0.07142457094240516,33.13,0.8620539702917812,8.51,21.25,a
29,0.0665214587658136,36.12,0.8620539702917812,8.51,21.25,b
30,0.05201113764627844,34.14120698231686,0.8569255839472893,7.69,21.94,a
30,0.09106327840643229,34.66120697481136,0.8569255839472893,7.69,21.94,b
31,0.05440235253945676,32.72,0.8700735835613681,9.18,20.15,a
31,0.07552406389917508,34.77,0.8700735835613681,9.18,20.15,b
32,0.041380453367469455,36.21,0.8995558552701693,9.79,22.19,a
32,0.05906369136236121,38.6,0.8995558552701693,9.79,22.19,b
33,0.06074714156320582,31.192487799729292,0.8559762048264756,6.65,19.54,a
33,0.08327665361031852,33.20248779280637,0.8559762048264756,6.65,19.54,b
34,0.07303703392319595,33.55,0.8518205000117037,9.29,21.43,a
34,0.07514246606510033,36.23,0.8518205000117037,9.29,21.43,b
35,0.05298419929527694,35.1719968605868,0.8792076018443055,5.19,21.78,a
35,0.06780819886041756,36.23199645896427,0.8792076018443055,5.19,21.78,b
36,0.07628934281828902,30.892230277515946,0.848561469352705,7.25,21.49,a
36,0.07514918782900588,34.11223027701965,0.848561469352705,7.25,21.49,b
37,0.04817961702043339,35.821003203300826,0.8679498650773513,7.91,21.03,a
37,0.08387051790221535,36.36100319261691,0.8679498650773513,7.91,21.03,b
38,0.09371065777015633,30.55,0.862500465421152,9.21,21.83,a
38,0.04378887680869173,36.42,0.862500465421152,9.21,21.83,b
39,0.04547544174190842,34.32366141027645,0.8727286978144129,6.99,21.05,a
39,0.08179586044367874,35.63366138910194,0.8727286978144129,6.99,21.05,b
40,0.061046184541478206,31.52,0.8653892606689401,8.49,22.3,a
40,0.0735645547895817,34.46,0.8653892606689401,8.49,22.3,b
41,0.04004177538735635,37.71,0.8886035224163891,9.16,23.91,a
41,0.07135470219625463,36.93,0.8886035224163891,9.16,23.91,b
42,0.043989231368514306,34.75756245228151,0.8833717282589502,8.17,22.98,a
42,0.0726390403725356,35.18756245076296,0.8833717282589502,8.17,22.98,b
43,0.041203987626811156,35.57,0.8677877704322671,8.93,21.62,a
43,0.09100824194092184,34.1,0.8677877704322671,8.93,21.62,b
44,0.06819623834220624,32.61254539519203,0.8443785834645853,7.67,20.27,a
44,0.08742517819320847,34.87254538760304,0.8443785834645853,7.67,20.27,b
45,0.039738789222057265,35.438341477312,0.8728481779497931,7.81,21.81,a
45,0.08741303282814958,35.33834147011078,0.8728481779497931,7.81,21.81,b
46,0.06339877026753535,31.690522980127795,0.8602876879777454,8.81,20.69,a
46,0.07631354175471924,35.19052297756705,0.8602876879777454,8.81,20.69,b
47,0.03312877315812206,38.06725289736359,0.8864896753739755,8.06,21.06,a
47,0.08038155146790255,36.13725276848728,0.8864896753739755,8.06,21.06,b
48,0.04107521212589121,34.42691950394246,0.85149821555291,5.8,20.74,a
48,0.10742657232119882,32.816919154743026,0.85149821555291,5.8,20.74,b
49,0.06992268268407552,32.59,0.8609504289094622,8.37,22.28,a
49,0.06912688840646228,35.2,0.8609504289094622,8.37,22.28,b
50,0.03749056654344539,35.72723341657526,0.865736494448598,8.81,22.67,a
50,0.09677293900795654,35.63723341500989,0.865736494448598,8.81,22.67,b
51,0.058862565765078506,32.63,0.8750498998115376,8.34,22.27,a
51,0.06608753442338391,35.47,0.8750498998115376,8.34,22.27,b
52,0.03013188325905626,36.68976054828379,0.8858665966092965,5.9,20.68,a
52,0.08400152013164736,36.019759153655244,0.8858665966092965,5.9,20.68,b
53,0.0476458148188554,32.55,0.8955366292884478,8.84,22.77,a
53,0.056817555892696756,35.83,0.8955366292884478,8.84,22.77,b
54,0.03681674143370059,35.920017171647736,0.8828568874590608,6.14,21.08,a
54,0.08032637110723859,36.64001702933711,0.8828568874590608,6.14,21.08,b
55,0.05936775649534719,34.11029672010329,0.8727356993748262,7.79,20.15,a
55,0.06789654412982658,35.040296714001194,0.8727356993748262,7.79,20.15,b
56,0.045740995978407584,34.07991303405835,0.8725529315715046,7.03,22.36,a
56,0.08170607245008772,34.139913028060086,0.8725529315715046,7.03,22.36,b
57,0.045050782075136304,35.8774327006376,0.8665271120239992,8.85,21.02,a
57,0.08842210590086444,34.577432694218096,0.8665271120239992,8.85,21.02,b
58,0.048175548059146624,35.510911021431916,0.8700932119251916,9.07,22.9,a
58,0.08173124001566179,34.640911014939604,0.8700932119251916,9.07,22.9,b
59,0.06273947098263631,33.02233425046529,0.8583914695975142,8.31,20.93,a
59,0.07886905941984945,35.10233424223253,0.8583914695975142,8.31,20.93,b
60,0.052772601683880566,32.47992127465072,0.8614172176524251,7.94,21.49,a
60,0.08581018066369443,34.59992127141013,0.8614172176524251,7.94,21.49,b
61,0.04351717238169781,35.02,0.86885512418768,8.83,21.95,a
61,0.08762770343062219,34.37,0.86885512418768,8.83,21.95,b
62,0.033964006593267884,36.91699700771762,0.8882103142540441,8.32,21.85,a
62,0.07782567915268801,34.14699700705776,0.8882103142540441,8.32,21.85,b
63,0.052740567001671235,32.484842607854354,0.8629798429217038,7.36,21.01,a
63,0.08427959007662497,35.85484259223439,0.8629798429217038,7.36,21.01,b
64,0.04295895804072275,33.32,0.8777196418470531,8.66,22.86,a
64,0.0793214001122241,33.63,0.8777196418470531,8.66,22.86,b
65,0.032758922080682776,34.57,0.9014096605678195,8.08,22.53,a
65,0.06583141735149772,36.29,0.9014096605678195,8.08,22.53,b
66,0.0495777211853011,33.2602952926336,0.8679308889889271,6.75,21.48,a
66,0.08249138982577174,34.23029524960143,0.8679308889889271,6.75,21.48,b
67,0.02620938522343142,35.646534826864475,0.8999520280367325,8.03,23.23,a
67,0.07383858673983613,32.576534825431736,0.8999520280367325,8.03,23.23,b
68,0.0421492252041621,34.865597872587536,0.877694385563301,7.37,21.42,a
68,0.08015638923253691,36.12559784779072,0.877694385563301,7.37,21.42,b
69,0.05166431749298662,32.77962839281278,0.8620912218237451,7.2,23.6,a
69,0.08624446068326828,35.41962838994833,0.8620912218237451,7.2,23.6,b
70,0.04967327468503656,34.366888077190495,0.8575466949967342,8.29,21.61,a
70,0.09278003031822925,35.89688805925627,0.8575466949967342,8.29,21.61,b
71,0.03784283661066831,37.26484679382715,0.8641031980680176,9.08,21.07,a
71,0.0980539653213141,35.48484679166862,0.8641031980680176,9.08,21.07,b
72,0.07828541091254458,30.57,0.8561885919441442,7.28,22.49,a
72,0.06552599714331118,35.77,0.8561885919441442,7.28,22.49,b
73,0.07280013206365239,31.711872829780354,0.8393158679267109,6.06,21.38,a
73,0.08788400000963666,33.48187282056527,0.8393158679267109,6.06,21.38,b
74,0.03381423656743896,36.5,0.8770638710888348,10.0,21.91,a
74,0.08912189234372621,32.63,0.8770638710888348,10.0,21.91,b
75,0.03582569893704929,36.44725582302064,0.8893571258138073,8.02,22.84,a
75,0.0748171752491433,34.98725580291015,0.8893571258138073,8.02,22.84,b
76,0.04722431166615132,34.24920830984454,0.8982163110702606,7.28,23.19,a
76,0.05455937726358813,35.559208300488244,0.8982163110702606,7.28,23.19,b
77,0.08616238788811978,31.06,0.8268520420307506,8.33,22.56,a
77,0.08698557008112964,34.89,0.8268520420307506,8.33,22.56,b
78,0.052777785684495294,33.85017187062719,0.8693353893420424,6.83,21.17,a
78,0.07788682497346229,34.250171842727234,0.8693353893420424,6.83,21.17,b
79,0.04635518913393264,34.75915106169588,0.8689547283041203,7.96,21.46,a
79,0.08469008256194693,33.88915105970028,0.8689547283041203,7.96,21.46,b
80,0.06334180930477253,32.04322293344552,0.8534062132119737,6.52,22.16,a
80,0.08325197748325378,34.95322292785177,0.8534062132119737,6.52,22.16,b
81,0.0452582643458353,35.18,0.8945318462507906,9.39,23.37,a
81,0.060209889403374114,38.58,0.8945318462507906,9.39,23.37,b
82,0.031416514028801086,37.6,0.9015900691710145,10.57,20.83,a
82,0.06699341680018446,36.98,0.9015900691710145,10.57,20.83,b
83,0.03449575545948572,34.52789105387568,0.8710057282759024,8.57,21.18,a
83,0.09449851626461189,35.47789105106281,0.8710057282759024,8.57,21.18,b
84,0.032899368567797974,37.74725975636848,0.8921046926296172,7.51,21.29,a
84,0.07499593880258477,36.497259626023606,0.8921046926296172,7.51,21.29,b
85,0.03977660468132127,36.00865261970234,0.8701451639471859,6.71,23.09,a
85,0.09007823137149286,35.47865260380129,0.8701451639471859,6.71,23.09,b
86,0.05540799233354129,33.5300190583432,0.8659963855485028,7.36,22.0,a
86,0.07859562211795587,34.00001905341129,0.8659963855485028,7.36,22.0,b
87,0.030877251251817443,38.64489218061251,0.8800700084481374,7.94,23.67,a
87,0.08905274030004516,34.63489217874821,0.8800700084481374,7.94,23.67,b
88,0.02614202979168417,38.683852257826615,0.8938874997552487,7.57,21.18,a
88,0.07997047045306717,34.68385225542157,0.8938874997552487,7.57,21.18,b
89,0.04498027385153029,32.5884327138184,0.8723734762091091,6.09,24.22,a
89,0.08264624993936062,35.0784327047366,0.8723734762091091,6.09,24.22,b
90,0.04709904347606085,34.62126108571557,0.8701421564732553,7.02,21.68,a
90,0.08275880005068384,34.32126103377799,0.8701421564732553,7.02,21.68,b
91,0.07022989543076738,32.12,0.8659361363092721,7.61,22.34,a
91,0.06383396825996043,34.96,0.8659361363092721,7.61,22.34,b
92,0.04018336954098667,35.14,0.8923042845036875,9.93,21.02,a
92,0.06751234595532585,37.39,0.8923042845036875,9.93,21.02,b
93,0.08477919418230315,32.13159852554722,0.842260458586018,7.76,21.07,a
93,0.07296034723167884,33.97159852544428,0.842260458586018,7.76,21.07,b
94,0.06787179458467248,31.52,0.8641621684398315,7.49,22.2,a
94,0.06796603697549597,35.37,0.8641621684398315,7.49,22.2,b
95,0.05132725952841664,34.11,0.8864810782684281,7.69,24.03,a
95,0.06219166220315522,36.21,0.8864810782684281,7.69,24.03,b
96,0.03778052096318135,35.67,0.8986654455822815,7.71,22.16,a
96,0.06355403345453715,33.16,0.8986654455822815,7.71,22.16,b
97,0.04181025114945805,35.07,0.8636721928034129,8.9,21.39,a
97,0.09451755604712905,34.39,0.8636721928034129,8.9,21.39,b
98,0.029558327893692473,36.444822082799966,0.8850122512117906,6.65,20.5,a
98,0.08542942089451687,35.584822030970116,0.8850122512117906,6.65,20.5,b
99,0.05376909682250901,33.35,0.8712095022413551,9.25,21.76,a
99,0.07502140093613592,35.52,0.8712095022413551,9.25,21.76,b
100,0.0602079134127563,32.02,0.8788887889589252,8.26,22.07,a
100,0.06090329762831849,37.17,0.8788887889589252,8.26,22.07,b
101,0.06573140023326875,29.57146265160724,0.865646758627551,6.36,22.32,a
101,0.06862184113918028,33.60146264934932,0.865646758627551,6.36,22.32,b
102,0.03340619057463159,37.985909444009984,0.8934313259149211,8.53,21.88,a
102,0.07316248351044735,36.005909434633054,0.8934313259149211,8.53,21.88,b
103,0.03634957920935536,35.38745946940356,0.8865846573271546,8.23,21.75,a
103,0.07706576346349,36.1374594678614,0.8865846573271546,8.23,21.75,b
104,0.06098787961266598,32.66093800594478,0.8561494592579326,6.74,21.95,a
104,0.0828626611294014,34.24093800235334,0.8561494592579326,6.74,21.95,b
105,0.037469928094064166,35.246982491774766,0.8924236183639347,6.92,23.78,a
105,0.0701064535420012,35.23698249014418,0.8924236183639347,6.92,23.78,b
106,0.03913553472781665,35.47949932348611,0.8737154292806083,7.07,22.25,a
106,0.08714903599157509,35.669499269784794,0.8737154292806083,7.07,22.25,b
107,0.049674375067819306,35.228801830040844,0.8774855696259163,8.27,23.06,a
107,0.07284005530626433,34.978801828654376,0.8774855696259163,8.27,23.06,b
108,0.03273072401699349,36.24,0.8978158772462662,9.78,22.29,a
108,0.06945339873674031,36.29,0.8978158772462662,9.78,22.29,b
109,0.036181343725535754,34.91,0.8892317604022295,10.04,22.67,a
109,0.0745868958722348,36.17,0.8892317604022295,10.04,22.67,b
110,0.05319541014610118,31.59,0.86728172642904,6.94,24.6,a
110,0.0795228634248588,34.27,0.86728172642904,6.94,24.6,b
111,0.057320502031904266,31.34337623275663,0.8418349382050939,7.64,22.16,a
111,0.10084455976300181,36.19337622537795,0.8418349382050939,7.64,22.16,b
112,0.05965709704870754,32.63265576012387,0.8502440509491334,7.53,21.17,a
112,0.09009885200215902,34.05265575055746,0.8502440509491334,7.53,21.17,b
113,0.039526533926700226,36.73573996534678,0.8593534904918233,8.57,22.53,a
113,0.10111997558147648,36.92573995597395,0.8593534904918233,8.57,22.53,b
114,0.05393765291501878,33.26,0.8725538376936668,8.7,22.5,a
114,0.07350850939131447,33.41,0.8725538376936668,8.7,22.5,b
115,0.0656889265556831,32.84049019519967,0.855570240779747,7.81,21.87,a
115,0.07874083266456994,33.27049019321436,0.855570240779747,7.81,21.87,b
116,0.06062757537536153,32.96,0.8639261133214974,7.89,21.46,a
116,0.07544631130314101,34.12,0.8639261133214974,7.89,21.46,b
117,0.06894107249288958,32.59,0.8706364799256376,8.43,22.94,a
117,0.06042244758147272,37.3,0.8706364799256376,8.43,22.94,b
118,0.04007655612468521,35.73887035761391,0.8641363064919035,7.34,20.88,a
118,0.09578713738341124,34.56887034626273,0.8641363064919035,7.34,20.88,b
119,0.03798422313186818,36.03,0.897508592963056,8.89,21.57,a
119,0.06450718390507576,36.09,0.897508592963056,8.89,21.57,b
120,0.07641389940045229,29.680166332460416,0.845650571036834,6.09,23.45,a
120,0.07793552956271363,35.29016632980278,0.845650571036834,6.09,23.45,b
121,0.06603225560632729,32.36,0.8770653736121706,9.02,21.75,a
121,0.05690237078150209,37.07,0.8770653736121706,9.02,21.75,b
122,0.043724000800665526,33.32,0.866080793398288,8.69,22.27,a
122,0.09019520580104645,33.36,0.866080793398288,8.69,22.27,b
123,0.04792400628409848,35.52854881844371,0.8597341273160998,8.74,22.11,a
123,0.09234186639980181,33.66854881773428,0.8597341273160998,8.74,22.11,b
124,0.07298588091397279,31.07146232282359,0.8578430038429343,7.76,22.03,a
124,0.06917111524309294,35.89146232312355,0.8578430038429343,7.76,22.03,b
125,0.06116098683612141,33.54968074689338,0.8549625214976171,8.1,21.06,a
125,0.08387649166626157,34.25968074390518,0.8549625214976171,8.1,21.06,b
126,0.04687783241648646,34.338320418902526,0.8680931577239444,8.39,21.56,a
126,0.08502900985956913,33.27832041684239,0.8680931577239444,8.39,21.56,b
127,0.04997616953268225,31.32,0.8665650160037471,7.95,21.05,a
127,0.08345881446357058,36.13,0.8665650160037471,7.95,21.05,b
128,0.0318352931991637,36.42252280056482,0.8754587330102626,8.4,20.1,a
128,0.09270597379057371,34.5225227521683,0.8754587330102626,8.4,20.1,b
129,0.0438291354213266,34.406192535512545,0.879297346489016,8.24,20.81,a
129,0.0768735180896574,34.3461925320048,0.879297346489016,8.24,20.81,b
130,0.041525001832115584,37.00709842088192,0.8828172290463612,7.52,22.35,a
130,0.07565776912152318,35.85709841757565,0.8828172290463612,7.52,22.35,b
131,0.0282870531691279,37.869690464171846,0.8839165368680398,7.26,20.77,a
131,0.08779640996283222,36.189690284498155,0.8839165368680398,7.26,20.77,b
132,0.048303398668114755,33.24,0.8885393694612534,7.63,23.1,a
132,0.06315723187063178,37.88,0.8885393694612534,7.63,23.1,b
133,0.03826817154745271,33.448197540377315,0.8820934509389189,7.53,24.3,a
133,0.0796383775136285,35.06819753731807,0.8820934509389189,7.53,24.3,b
134,0.04238879191732938,34.438605488180414,0.8714405834113891,7.44,22.18,a
134,0.08617062467128156,35.4486054790299,0.8714405834113891,7.44,22.18,b
135,0.03239727019411351,36.09,0.8788223863815938,9.73,22.38,a
135,0.08878034342429264,33.91,0.8788223863815938,9.73,22.38,b
136,0.055506484877687515,33.659567092871015,0.8598220399205798,6.13,22.72,a
136,0.08467147520173272,33.389567074091794,0.8598220399205798,6.13,22.72,b
137,0.06343305568348427,32.37,0.864272885202065,8.05,22.78,a
137,0.07229405911445073,36.2,0.864272885202065,8.05,22.78,b
138,0.052697912196389564,34.72,0.8842375673570776,8.47,22.52,a
138,0.06306452044653285,36.08,0.8842375673570776,8.47,22.52,b
139,0.045164204426880177,35.481874922247776,0.8805193770012153,6.73,22.31,a
139,0.07431641857190453,35.131874910015185,0.8805193770012153,6.73,22.31,b
140,0.041839867409167224,36.89,0.9009106751118423,8.41,23.02,a
140,0.05724945747899049,36.52,0.9009106751118423,8.41,23.02,b
141,0.06618131932560224,30.62,0.8568497964644305,8.03,20.79,a
141,0.07696888420996728,33.69,0.8568497964644305,8.03,20.79,b
142,0.07002321833197515,32.09,0.838306745138018,8.35,21.94,a
142,0.09167003653000688,32.87,0.838306745138018,8.35,21.94,b
143,0.05200080342530788,32.93,0.8616578661717341,6.9,23.51,a
143,0.08634133040295801,33.31,0.8616578661717341,6.9,23.51,b
144,0.027798054261384576,37.78117597938156,0.888952164985268,6.48,19.44,a
144,0.08324978075334742,35.44117458537717,0.888952164985268,6.48,19.44,b
145,0.03469916772675143,37.63,0.9193417556678336,10.27,23.03,a
145,0.04595907660541499,40.19,0.9193417556678336,10.27,23.03,b
146,0.05534961816974405,34.079424790362154,0.860822959318916,8.31,21.59,a
146,0.08382742251134004,34.69942478882817,0.860822959318916,8.31,21.59,b
147,0.05632470385964569,34.2,0.8650754588133647,8.4,22.3,a
147,0.07859983732698958,34.73,0.8650754588133647,8.4,22.3,b
148,0.034830046105582414,38.036243253744175,0.8903429385566045,9.15,21.15,a
148,0.07482701533781307,34.80624325356364,0.8903429385566045,9.15,21.15,b
149,0.04391343861124933,35.836877928247134,0.8517799789051702,6.3,22.66,a
149,0.10430658248358046,35.31687789159647,0.8517799789051702,6.3,22.66,b
150,0.07453086928535003,31.93011140525467,0.847382670747636,8.76,19.22,a
150,0.07808645996701398,34.14011140253914,0.847382670747636,8.76,19.22,b
151,0.04730437169901017,35.50683909879444,0.8787609818125193,7.51,22.81,a
151,0.07393464648847065,34.326839098114895,0.8787609818125193,7.51,22.81,b
152,0.042599147809235204,35.84909161428255,0.8629324029041583,8.96,22.26,a
152,0.09446844928660648,32.20909161334629,0.8629324029041583,8.96,22.26,b
153,0.07797579288347445,33.23718531373238,0.8551746492623036,7.29,21.0,a
153,0.06684955785422195,35.877185338516696,0.8551746492623036,7.29,21.0,b
154,0.03968246121008655,34.67892760827915,0.8661700990186886,7.17,22.18,a
154,0.09414743977122482,35.43892759439917,0.8661700990186886,7.17,22.18,b
155,0.05392794726604623,34.910652472775936,0.8549723103551637,7.29,21.4,a
155,0.09109974237879,34.66065246535581,0.8549723103551637,7.29,21.4,b
156,0.05958193171341161,35.16908025963461,0.8660804448079776,7.92,22.53,a
156,0.07433762347861075,32.20908025840759,0.8660804448079776,7.92,22.53,b
157,0.06202880755513641,31.829417342507487,0.8459990195586299,8.95,21.72,a
157,0.09197217288623376,33.3494173402497,0.8459990195586299,8.95,21.72,b
158,0.04332814595563923,34.212729110041984,0.8708669418277688,7.43,20.64,a
158,0.08580491221659196,35.46272905798715,0.8708669418277688,7.43,20.64,b
159,0.036516449281535614,34.667137722182126,0.8594386550971952,7.23,21.36,a
159,0.10404489562126915,33.97713772069392,0.8594386550971952,7.23,21.36,b
160,0.06248845968939799,31.43,0.8639851500824669,8.42,21.88,a
160,0.07352639022813512,34.57,0.8639851500824669,8.42,21.88,b
161,0.03557920861939041,36.84791603294242,0.8800092659721636,7.53,22.29,a
161,0.084411525408446,35.92791602328238,0.8800092659721636,7.53,22.29,b
162,0.08033165448137473,29.6,0.8449072385107683,7.69,22.28,a
162,0.07476110700785696,35.05,0.8449072385107683,7.69,22.28,b
163,0.029894647392445604,37.91,0.9114966842408743,10.29,21.36,a
163,0.05860866836668006,38.45,0.9114966842408743,10.29,21.36,b
164,0.03011221745254892,38.88902369376012,0.8773609850505905,7.15,22.64,a
164,0.09252679749686069,35.01902365476192,0.8773609850505905,7.15,22.64,b
165,0.04995278341870135,33.17197926701847,0.8605942935147215,7.98,22.4,a
165,0.08945292306657716,35.651979256068174,0.8605942935147215,7.98,22.4,b
166,0.08034104070084824,31.19,0.8408750131312319,6.85,21.56,a
166,0.07878394616791988,33.7,0.8408750131312319,6.85,21.56,b
167,0.04703646366906786,34.73119138074349,0.8696962673692941,7.58,21.99,a
167,0.08326726896163811,36.67119136876447,0.8696962673692941,7.58,21.99,b
168,0.03039844524500681,36.10092524447893,0.8781981163853119,6.79,22.08,a
168,0.09140343836968137,34.9909252096495,0.8781981163853119,6.79,22.08,b
169,0.0738911456239715,31.28024442690595,0.8492654059513433,8.96,22.08,a
169,0.07684344842468525,35.89024442403246,0.8492654059513433,8.96,22.08,b
170,0.04695766985333901,36.58893164470775,0.8679266088586692,6.77,24.84,a
170,0.08511572128799169,33.64893163799293,0.8679266088586692,6.77,24.84,b
171,0.028393688076424433,38.256796377435606,0.8970687504810038,9.69,20.43,a
171,0.07453756144257179,32.71679637744395,0.8970687504810038,9.69,20.43,b
172,0.0488709771890551,35.05,0.8598135429773214,9.49,22.16,a
172,0.09131547983362355,35.77,0.8598135429773214,9.49,22.16,b
173,0.03589563484941826,37.50818812842782,0.8658951473902131,7.81,21.67,a
173,0.09820921776036859,35.17818811518096,0.8658951473902131,7.81,21.67,b
174,0.04748630820774625,33.0294575580446,0.8607972807870428,8.3,19.98,a
174,0.091716411005211,34.289457554360204,0.8607972807870428,8.3,19.98,b
175,0.06745854248460748,31.95,0.855086102543025,7.95,24.23,a
175,0.07745535497236757,37.4,0.855086102543025,7.95,24.23,b
176,0.04438015171784126,34.2552201999517,0.8717664734721361,6.96,22.37,a
176,0.08385337481002263,34.65522017942537,0.8717664734721361,6.96,22.37,b
177,0.04191533645019266,35.59775551181925,0.883449764193497,7.71,22.51,a
177,0.07463489935631044,34.00775550488974,0.883449764193497,7.71,22.51,b
178,0.045809757747791266,31.94,0.8713724260165426,8.17,22.45,a
178,0.08281781623566606,34.96,0.8713724260165426,8.17,22.45,b
179,0.03599155473563396,36.79663571683969,0.8727486030955058,8.6,22.23,a
179,0.09125984216886016,34.34663571619701,0.8727486030955058,8.6,22.23,b
180,0.056204325285963336,33.26469615597853,0.8652901746657568,7.39,21.66,a
180,0.07850550004827994,34.76469614439775,0.8652901746657568,7.39,21.66,b
181,0.05271163114586738,34.548185593676486,0.855891160533627,7.66,23.6,a
181,0.09139720832050559,34.15818559202277,0.855891160533627,7.66,23.6,b
182,0.04032756739568914,34.36,0.8690468498860118,7.89,22.13,a
182,0.09062558271829912,34.41,0.8690468498860118,7.89,22.13,b
183,0.04602423495784136,33.70351435000465,0.8723577062053367,7.83,21.18,a
183,0.08161805883682188,37.63351433627378,0.8723577062053367,7.83,21.18,b
184,0.05900031148322232,32.12995746006115,0.8565498001178149,7.28,22.92,a
184,0.08444988839896288,35.78995745717544,0.8565498001178149,7.28,22.92,b
185,0.03668133783059357,36.72530495854905,0.8829621272456838,8.45,21.09,a
185,0.08035653492372258,34.14530495580401,0.8829621272456838,8.45,21.09,b
186,0.05536134036044411,31.99919321909689,0.8565644076183534,5.89,21.23,a
186,0.0880742520212025,34.499193187523915,0.8565644076183534,5.89,21.23,b
187,0.0379920200316941,36.63020388790335,0.8638138031040402,7.79,23.27,a
187,0.09819417686426567,34.68020387094602,0.8638138031040402,7.79,23.27,b
188,0.030336162038779584,36.56,0.8672205926981854,9.23,22.88,a
188,0.10244324526303508,35.53,0.8672205926981854,9.23,22.88,b
189,0.04801084211709188,33.27011263681431,0.8727388082675466,6.66,24.54,a
189,0.07925034961536162,35.08011263408168,0.8727388082675466,6.66,24.54,b
190,0.04275336745087709,33.48778790779978,0.8786074650466217,8.02,21.61,a
190,0.07863916750250123,35.57778790040536,0.8786074650466217,8.02,21.61,b
191,0.03595985300552451,33.37680737954555,0.8888893861025624,6.71,24.11,a
191,0.07515076089191305,34.716807373270946,0.8888893861025624,6.71,24.11,b
192,0.04768906100056006,34.05063424020278,0.8581641384350657,7.57,21.13,a
192,0.0941468005643743,34.21063423265086,0.8581641384350657,7.57,21.13,b
193,0.06215309957415455,33.24499708231152,0.8712953172969774,6.43,22.3,a
193,0.06655158312886796,34.61499706995207,0.8712953172969774,6.43,22.3,b
194,0.04835860518471312,34.397927727312215,0.8618771685740744,7.38,22.47,a
194,0.08976422624121246,32.76792772573292,0.8618771685740744,7.38,22.47,b
195,0.06181322978366037,33.59233866515622,0.8651952926020432,8.36,20.69,a
195,0.07299147761429645,34.38233865860171,0.8651952926020432,8.36,20.69,b
196,0.06424980707675956,32.380619402885806,0.8574674191720224,7.68,22.02,a
196,0.07828277375121806,33.20061940041254,0.8574674191720224,7.68,22.02,b
197,0.029070352797767585,37.66608087617878,0.8664378884604884,9.38,20.8,a
197,0.10449175874174396,35.28608087534567,0.8664378884604884,9.38,20.8,b
198,0.023936586750128396,38.56393675525612,0.884388377269682,8.76,22.32,a
198,0.09167503598018951,37.643936728493266,0.884388377269682,8.76,22.32,b
199,0.06337075765814498,32.8894146434054,0.8633637135168944,6.63,22.53,a
199,0.07326552882496049,36.10941464020228,0.8633637135168944,6.63,22.53,b
200,0.06821725839702962,32.79022933482079,0.8456078466361344,7.97,22.3,a
200,0.08617489496683593,34.5102293313992,0.8456078466361344,7.97,22.3,b
201,0.02915973555180918,36.89446696965412,0.8938823549738073,8.91,21.55,a
201,0.07695790947438355,36.214466964696705,0.8938823549738073,8.91,21.55,b
202,0.053717099189608465,34.222804110389845,0.8675878911486304,7.3,21.37,a
202,0.07869500966176109,35.77280410051498,0.8675878911486304,7.3,21.37,b
203,0.07501219510613438,31.81,0.8556409807587386,8.88,20.89,a
203,0.06934682413512697,35.35,0.8556409807587386,8.88,20.89,b
204,0.05606944521434085,33.5,0.8637781652207082,8.23,23.02,a
204,0.08015238956495098,33.37,0.8637781652207082,8.23,23.02,b
205,0.02816832615192982,38.133832471524585,0.8841789397142648,7.83,22.25,a
205,0.08765273413380543,35.07383246377905,0.8841789397142648,7.83,22.25,b
206,0.04530700975222016,34.128691406867866,0.8731693914276555,8.61,22.08,a
206,0.08152359882012443,34.318691403968224,0.8731693914276555,8.61,22.08,b
207,0.04787752058953655,34.81,0.8743763235005131,9.08,21.55,a
207,0.07774615590995032,34.27,0.8743763235005131,9.08,21.55,b
208,0.046968367705314124,33.65,0.8877328476785326,8.23,22.81,a
208,0.06529878461615339,36.93,0.8877328476785326,8.23,22.81,b
209,0.042703463096804554,35.16,0.8890154536723818,8.11,21.66,a
209,0.06828108323081372,36.03,0.8890154536723818,8.11,21.66,b
210,0.02825960137836278,38.74217723972086,0.879003835441864,7.09,23.43,a
210,0.09273656317977322,35.01217723648648,0.879003835441864,7.09,23.43,b
211,0.04394535428571308,34.703223575255244,0.8862567720615889,7.36,21.64,a
211,0.06979787365269799,37.18322355174891,0.8862567720615889,7.36,21.64,b
212,0.042345890560994956,34.4,0.8733221127318705,9.1,20.39,a
212,0.08433199670713457,35.17,0.8733221127318705,9.1,20.39,b
213,0.03166511399085839,37.31806834439181,0.897005462672273,5.71,22.31,a
213,0.07132942333686866,35.23806817442063,0.897005462672273,5.71,22.31,b
214,0.06880800076781797,32.12488925199372,0.8424806519837376,6.1,21.64,a
214,0.08871134724844447,34.17488909474135,0.8424806519837376,6.1,21.64,b
215,0.022786920869093598,38.951052948264504,0.8823294553486077,8.02,23.17,a
215,0.09488362378229866,37.01105294090124,0.8823294553486077,8.02,23.17,b
216,0.039319351632769554,36.57204177658342,0.8748350450654306,7.0,24.09,a
216,0.08584560330179977,35.50204175037591,0.8748350450654306,7.0,24.09,b
217,0.06039766714186047,34.17857127766685,0.8430709859368368,8.15,22.14,a
217,0.09653134692130276,35.218571274997345,0.8430709859368368,8.15,22.14,b
218,0.042019737784604265,33.77945741394039,0.8730728710192385,8.17,21.71,a
218,0.08490739119615727,34.679457408220046,0.8730728710192385,8.17,21.71,b
219,0.053289959047256884,33.721451003048905,0.8440446434273527,7.69,21.11,a
219,0.10266539752539035,33.58145099599882,0.8440446434273527,7.69,21.11,b
220,0.045810921167565216,33.72,0.8731377508878144,8.95,22.48,a
220,0.0810513279446203,33.36,0.8731377508878144,8.95,22.48,b
221,0.032425858531540466,37.90868456550661,0.868831801373851,9.29,21.41,a
221,0.09874234009460858,36.328684551860796,0.868831801373851,9.29,21.41,b
222,0.03883629304195652,36.20595456891822,0.8693505286346678,6.99,23.51,a
222,0.09181317832337567,36.235954560486036,0.8693505286346678,6.99,23.51,b
223,0.038358186986803315,37.14706786285325,0.8685768383835547,8.73,21.28,a
223,0.09306497462964204,36.12706785898717,0.8685768383835547,8.73,21.28,b
224,0.05354638767064857,35.71,0.88383733564966,9.17,21.2,a
224,0.06261627667969144,37.8,0.88383733564966,9.17,21.2,b
225,0.03489519953783663,37.38785087218229,0.8868535990138265,7.32,22.84,a
225,0.07825120144833689,35.92785080601325,0.8868535990138265,7.32,22.84,b
226,0.06536527477771834,32.74,0.8541203323807977,7.84,20.97,a
226,0.08051439284148401,33.17,0.8541203323807977,7.84,20.97,b
227,0.0499320129434729,32.8,0.8817777243236322,8.12,22.19,a
227,0.06829026273289482,35.24,0.8817777243236322,8.12,22.19,b
228,0.03189654173552392,35.46726656138977,0.8697893081757377,8.49,20.66,a
228,0.0983141500887384,32.927266559739245,0.8697893081757377,8.49,20.66,b
229,0.05182522341778387,31.44860992928424,0.8651342808534505,7.64,21.52,a
229,0.08304049572876568,36.108609926128295,0.8651342808534505,7.64,21.52,b
230,0.042788846548329075,34.12,0.8774100557057605,9.45,21.45,a
230,0.07980109774591054,33.96,0.8774100557057605,9.45,21.45,b
231,0.03436324955932955,36.25839603721037,0.8804844301645792,7.49,21.53,a
231,0.08515232027609118,35.78839602873992,0.8804844301645792,7.49,21.53,b
232,0.0300547926837137,35.64,0.8845570170301956,10.27,20.19,a
232,0.08538819028609072,33.65,0.8845570170301956,10.27,20.19,b
233,0.07884717541934838,31.77,0.828950945240445,7.55,22.04,a
233,0.09220187934020659,34.97,0.828950945240445,7.55,22.04,b
234,0.04378251834349316,35.528332685163704,0.8627708151930874,8.51,22.71,a
234,0.09344666646341951,35.788332682965304,0.8627708151930874,8.51,22.71,b
235,0.055874487772371376,34.10043007671112,0.8613308072837509,5.46,20.95,a
235,0.08279470494387776,34.630426609502116,0.8613308072837509,5.46,20.95,b
236,0.05707138160241022,34.3418586589621,0.8650228193806431,6.79,22.27,a
236,0.07790579901694675,35.251858619956984,0.8650228193806431,6.79,22.27,b
237,0.0381377305462322,35.41832771077677,0.8855868896980764,8.77,22.47,a
237,0.07627537975569146,34.45832770835483,0.8855868896980764,8.77,22.47,b
238,0.04391044018545315,33.76759300157927,0.8715048557939202,7.93,21.04,a
238,0.08458470402062665,36.4075929937975,0.8715048557939202,7.93,21.04,b
239,0.049532400958581496,35.449028129964844,0.8765032533049243,7.68,22.15,a
239,0.07396434573649426,33.72902812751526,0.8765032533049243,7.68,22.15,b
240,0.05920231761432632,33.7661685077389,0.8496411939917365,7.76,21.68,a
240,0.09115648839393711,35.13616849526687,0.8496411939917365,7.76,21.68,b
241,0.04546181464681916,34.17799451957206,0.8595893205754038,7.36,23.48,a
241,0.094948864777777,37.17799451070171,0.8595893205754038,7.36,23.48,b
242,0.038564881941152186,39.085660859562,0.8761162454728153,8.25,24.37,a
242,0.0853188725860325,34.43566085746896,0.8761162454728153,8.25,24.37,b
243,0.062470225273559526,33.63,0.863768590985401,8.27,21.98,a
243,0.07376118374103943,35.88,0.863768590985401,8.27,21.98,b
244,0.05543337459459295,34.14937357593588,0.855809732738953,8.56,21.75,a
244,0.08875689266645402,33.39937357324823,0.855809732738953,8.56,21.75,b
245,0.060615376719638014,32.29938867736952,0.8548950978027103,6.68,20.23,a
245,0.08448952547765165,35.059388625441194,0.8548950978027103,6.68,20.23,b
246,0.05162786100690115,33.331310061034316,0.8714142625562912,7.31,21.24,a
246,0.0769578764368076,33.63131005656173,0.8714142625562912,7.31,21.24,b
247,0.04222737635588807,35.98635627366539,0.8614031492846566,8.45,21.6,a
247,0.0963694743594554,35.686356270343495,0.8614031492846566,8.45,21.6,b
248,0.04422412788520863,36.06,0.8839193027140642,8.12,23.48,a
248,0.07185656940072714,36.41,0.8839193027140642,8.12,23.48,b
249,0.049758994814782784,35.72283768327103,0.8562781863901209,8.04,20.68,a
249,0.09396281879509641,35.76283766169795,0.8562781863901209,8.04,20.68,b
250,0.03029188026764781,39.02995243079595,0.8867822475110876,6.04,20.54,a
250,0.08292587222126452,35.51995137151188,0.8867822475110876,6.04,20.54,b
251,0.03434261927370303,35.56690574165464,0.87678859979607,7.72,21.74,a
251,0.08886878093022682,34.98690573376649,0.87678859979607,7.72,21.74,b
252,0.04864259228911899,33.39,0.8746231517538949,8.44,20.89,a
252,0.07673425595698613,34.44,0.8746231517538949,8.44,20.89,b
253,0.035624381368515784,36.537563325960754,0.8925827536802469,9.13,23.08,a
253,0.07179286495123743,36.51756332377992,0.8925827536802469,9.13,23.08,b
254,0.05406952864603443,35.01233202588446,0.8538176171124169,7.64,21.95,a
254,0.09211285424154866,34.8423320128928,0.8538176171124169,7.64,21.95,b
255,0.030676284908903013,36.30590845856184,0.8706295756910412,8.13,23.41,a
255,0.09869413940005574,35.665908450522736,0.8706295756910412,8.13,23.41,b
256,0.038739812200391695,33.64,0.8708635751626865,7.74,24.38,a
256,0.09039661263692172,34.28,0.8708635751626865,7.74,24.38,b
257,0.0494279443942945,33.660559807018984,0.8739006256929386,7.06,22.97,a
257,0.07667142991276683,34.47055980020391,0.8739006256929386,7.06,22.97,b
258,0.047276477714256394,36.108961937760945,0.8620694252552633,7.58,23.45,a
258,0.09065409703048034,34.478961931202015,0.8620694252552633,7.58,23.45,b
259,0.04345711663950972,32.808047515657485,0.8647942472047258,7.04,20.97,a
259,0.09174863615576458,32.84804751363241,0.8647942472047258,7.04,20.97,b
260,0.04681341209397283,34.78,0.8786988941947858,9.22,21.52,a
260,0.07448769371124146,35.1,0.8786988941947858,9.22,21.52,b
261,0.03539449488479456,34.04695937215793,0.8932931254725057,8.56,23.08,a
261,0.0713123796426998,33.42695937092594,0.8932931254725057,8.56,23.08,b
262,0.043800104984175914,35.575108070874826,0.8873146139111054,7.02,19.55,a
262,0.06888528110471864,33.74510803448733,0.8873146139111054,7.02,19.55,b
263,0.04101861311113991,34.97976041634087,0.8736972449794087,6.7,21.44,a
263,0.08528414190945144,33.47976040664289,0.8736972449794087,6.7,21.44,b
264,0.02560885645054584,36.31603153105444,0.8736875682503172,8.69,22.41,a
264,0.1007035752991369,35.18603152955918,0.8736875682503172,8.69,22.41,b
265,0.024853900136371846,38.948782607456835,0.890782814677621,6.21,20.95,a
265,0.08436328518600711,35.78878107856332,0.890782814677621,6.21,20.95,b
266,0.041230874022349255,33.19,0.8860220825848888,7.69,22.66,a
266,0.07274704339276195,36.27,0.8860220825848888,7.69,22.66,b
267,0.08708207915224797,30.599203209438798,0.86296270460079,6.53,21.12,a
267,0.04995521624696198,37.72920322353486,0.86296270460079,6.53,21.12,b
268,0.04445416201806522,36.02898680022831,0.8787924740574322,8.06,22.65,a
268,0.07675336392450258,34.918986792471784,0.8787924740574322,8.06,22.65,b
269,0.047016254190253064,35.84,0.8514531551947068,9.03,21.4,a
269,0.10153059061504018,34.07,0.8514531551947068,9.03,21.4,b
270,0.05209252184517404,33.02397629594914,0.8730368247922725,7.46,20.25,a
270,0.0748706533625535,36.66397628393337,0.8730368247922725,7.46,20.25,b
271,0.05025916390488523,33.86,0.8600343347006436,8.04,21.89,a
271,0.0897065013944711,37.34,0.8600343347006436,8.04,21.89,b
272,0.026606190326728788,38.164945181686015,0.8815961540408135,8.05,22.09,a
272,0.09179765563245773,34.89494508382,0.8815961540408135,8.05,22.09,b
273,0.036700898442320246,33.76,0.8789074793720748,8.41,22.54,a
273,0.08439162218560486,33.87,0.8789074793720748,8.41,22.54,b
274,0.045827343143650036,32.351767017877506,0.860893942934387,7.8,21.72,a
274,0.09327871392196295,36.001767008746164,0.860893942934387,7.8,21.72,b
275,0.05446554021412521,34.57,0.8784575198800033,8.97,24.53,a
275,0.06707693990587153,33.98,0.8784575198800033,8.97,24.53,b
276,0.06559461502158989,32.89,0.8613210012422413,7.96,21.16,a
276,0.07308438373616877,31.93,0.8613210012422413,7.96,21.16,b
277,0.045268685527189254,34.526670153348405,0.8829354173308434,7.78,22.8,a
277,0.07179589714196742,34.486670149729385,0.8829354173308434,7.78,22.8,b
278,0.03876315124351663,36.56828934797256,0.880086860239574,7.08,21.5,a
278,0.08114998851690938,34.298289329362994,0.880086860239574,7.08,21.5,b
279,0.05505599305777747,34.95,0.8689985870612358,7.87,22.0,a
279,0.07594541988098683,35.41,0.8689985870612358,7.87,22.0,b
280,0.04786758566481777,33.29,0.8832292487004282,7.53,23.18,a
280,0.06890316563475407,35.37,0.8832292487004282,7.53,23.18,b
281,0.03918065168766285,37.510756342192515,0.8807483852007378,7.01,21.11,a
281,0.08007096311159928,35.01075632262872,0.8807483852007378,7.01,21.11,b
282,0.023325937903770095,37.483943217830245,0.8843861623737477,8.28,23.41,a
282,0.09228789972248214,35.35394320381821,0.8843861623737477,8.28,23.41,b
283,0.03202309460340114,36.531833404300116,0.8914487063704517,6.68,21.1,a
283,0.07652819902614715,33.271833360559754,0.8914487063704517,6.68,21.1,b
284,0.054418968762085906,33.810299290691056,0.8595234696656388,7.95,22.81,a
284,0.08605756157227525,34.89029928805691,0.8595234696656388,7.95,22.81,b
285,0.05742426150552913,32.91932017832158,0.8603108746786,8.31,22.76,a
285,0.08226486381587088,34.5693201751347,0.8603108746786,8.31,22.76,b
286,0.033827471489839195,36.24829961635583,0.8848485687104561,6.53,21.79,a
286,0.08132395979970461,34.74829951663768,0.8848485687104561,6.53,21.79,b
287,0.07362123610802272,31.386613940555307,0.8440269495558681,7.99,21.75,a
287,0.08235181433610915,35.096613935559475,0.8440269495558681,7.99,21.75,b
288,0.04850497590149962,33.91,0.8854751127116824,8.96,22.57,a
288,0.06601991138681794,37.06,0.8854751127116824,8.96,22.57,b
289,0.05090411083679288,34.091554857026004,0.8515952687649035,6.54,19.81,a
289,0.09750062039830358,32.39155480716029,0.8515952687649035,6.54,19.81,b
290,0.025520413458610447,37.72243084807723,0.8712455996696411,6.19,21.75,a
290,0.10323398687174844,36.38243056955832,0.8712455996696411,6.19,21.75,b
291,0.051700562341467436,33.741130038262526,0.860867294982036,7.52,20.91,a
291,0.08743214267649652,35.42113002426667,0.860867294982036,7.52,20.91,b
292,0.046730509817783115,34.30426685773868,0.8667047228437301,5.32,21.24,a
292,0.08656476733848675,34.404266536448866,0.8667047228437301,5.32,21.24,b
293,0.08411377609502628,30.962767338021134,0.843478722069695,7.76,21.71,a
293,0.07240750183527873,35.422767337511694,0.843478722069695,7.76,21.71,b
294,0.02982874014929732,36.626632470305125,0.8713379960087855,8.95,22.39,a
294,0.09883326384191712,34.38663246922928,0.8713379960087855,8.95,22.39,b
295,0.03765503020767463,34.87715795425374,0.8828771030188782,7.66,22.17,a
295,0.07946786677344717,35.727157952178274,0.8828771030188782,7.66,22.17,b
296,0.05318002509846912,33.38,0.8873256204307033,8.47,23.67,a
296,0.05949435447082764,36.27,0.8873256204307033,8.47,23.67,b
297,0.0660051530842072,32.16,0.8513780323637964,8.94,19.76,a
297,0.08261681455199639,35.27,0.8513780323637964,8.94,19.76,b
298,0.034406281356793265,35.42645016046505,0.8849394205234911,8.24,23.36,a
298,0.08065429811971568,35.43645015641701,0.8849394205234911,8.24,23.36,b
299,0.04890851599649735,35.66,0.8647359361611855,8.62,22.62,a
299,0.08635554784231708,36.41,0.8647359361611855,8.62,22.62,b
300,0.05182948619292827,32.77,0.8607118359426178,8.37,22.32,a
300,0.08745867786445399,34.49,0.8607118359426178,8.37,22.32,b
